"_id","_labels","city","id","name","screen_name","sex","_start","_end","_type"
"563",":User","„Ç¥","280297099","–ê–ª–µ–∫—Å–∞–Ω–¥—Ä –ì–µ—Ä–∞—Å–∏–º–æ–≤","eternuma","2",,,
"564",":User","","688395474","–ì–µ—Ä–∞—Å–∏–º–æ–≤–∞ –õ–∞—Ä–∏—Å–∞","id688395474","1",,,
"565",":User","","292213092","–õ–µ—Å—è –ë–ª–æ—Å–æ–º","ogromova5","1",,,
"566",":User","","519822850","","","",,,
"567",":User","","609903514","","","",,,
"568",":User","","292846445","","","",,,
"569",":User","","368256070","","","",,,
"570",":User","","406288545","","","",,,
"571",":User","","317443932","","","",,,
"572",":User","","354012262","","","",,,
"573",":User","","300937064","","","",,,
"574",":User","","397861652","","","",,,
"575",":User","","382213707","","","",,,
"576",":User","","381775379","","","",,,
"577",":User","","266144583","","","",,,
"578",":User","","386728750","","","",,,
"579",":User","","346368069","","","",,,
"580",":User","","301318202","","","",,,
"581",":User","","535910066","","","",,,
"582",":User","","222298891","","","",,,
"583",":User","","383514062","","","",,,
"584",":User","","626945089","","","",,,
"585",":User","","377185419","","","",,,
"586",":User","","242278555","","","",,,
"587",":User","","449974309","","","",,,
"588",":User","","332986888","","","",,,
"589",":User","","314211915","","","",,,
"590",":User","","286807172","","","",,,
"591",":User","","453815850","","","",,,
"592",":User","","275760030","","","",,,
"593",":User","","610066049","","","",,,
"594",":User","","230045960","","","",,,
"595",":User","","314754197","","","",,,
"596",":User","","402936906","","","",,,
"597",":User","","395765917","","","",,,
"598",":User","","432507534","","","",,,
"599",":User","","339761956","","","",,,
"600",":User","","207636190","","","",,,
"601",":User","","571735794","","","",,,
"602",":User","","176521948","","","",,,
"603",":User","","354065538","","","",,,
"604",":User","","366511079","","","",,,
"605",":User","","233570905","","","",,,
"606",":User","","553061514","","","",,,
"607",":User","","542404294","","","",,,
"608",":User","","378194884","","","",,,
"609",":User","","480857499","","","",,,
"610",":User","","656578291","","","",,,
"611",":User","","551965219","","","",,,
"612",":User","","616389224","","","",,,
"613",":User","","390274650","","","",,,
"614",":User","","687259304","","","",,,
"615",":User","","653321611","","","",,,
"616",":User","","859120216","","","",,,
"617",":User","","865297134","","","",,,
"618",":User","","634899057","","","",,,
"619",":User","","454943628","","","",,,
"620",":User","","64585109","","","",,,
"621",":User","","729690269","","","",,,
"622",":User","","440981837","","","",,,
"623",":Group","","203986166","–±–∏–ª–±–æ—Ä–¥—ã","billboards21","",,,
"624",":Group","","42954445","4ch.","cs_4ch","",,,
"625",":Group","","155464693","–ö–∞—Ä—Ç–∏–Ω–∫–∏ –∫–∞—Ç–µ–≥–æ—Ä–∏–∏ –ë","karkb","",,,
"626",":Group","","130698013","Hajime Records","hajimerecords","",,,
"627",":Group","","135665153","MOODiYA","readpick","",,,
"628",":Group","","187263168","–∞—á—ë)","achexd","",,,
"629",":Group","","200958444","–ª–∂–µ—Ü–∞–º –Ω—É–∂–Ω–∞ —Ö–æ—Ä–æ—à–∞—è –ø–∞–º—è—Ç—å","liarc","",,,
"630",":Group","","200488003","—è–Ω–∏—á—ë)","yanichoo","",,,
"631",":Group","","120254617","$$$ DANK MEMES $$$ AYY LMAO $$$","dank_memes_ayylmao","",,,
"632",":Group","","39566948","–≥–æ–ª—É–±–∞—è –ø–∞–ø–∫–∞","pixel_stickers","",,,
"633",":Group","","173720686","–ö–æ–Ω–µ—Ü —Å–æ–ª–Ω–µ—á–Ω—ã—Ö –¥–Ω–µ–π","theendofsunnydays","",,,
"634",":Group","","197573872","–û–Ω–ª–∞–π–Ω –∏–≥—Ä–∞ –î–≤–µ—Ä–∏ –∏ –°–æ–∫—Ä–æ–≤–∏—â–∞","doors.treasures","",,,
"635",":Group","","44729829","–ü–æ—à–ª—ã–µ –∏ –∏–Ω—Ç–∏–º–Ω—ã–µ –∏—Å—Ç–æ—Ä–∏–∏","posloe","",,,
"636",":Group","","148829920","–æ—Ö","oooooxxxxxx","",,,
"637",":Group","","163058008","lmao","reallydank","",,,
"638",":Group","","217977781","–ë–æ–ª—å—à–∞—è –º–∞—Ç–µ–º–∞—Ç–∏—á–µ—Å–∫–∞—è –º–∞—Å—Ç–µ—Ä—Å–∫–∞—è | –¢—é–º–ì–£","utmn_bmm","",,,
"639",":Group","","24713873","5 —É–º–Ω—ã—Ö –º—ã—Å–ª–µ–π","v5umm","",,,
"640",":Group","","159858626","–ö –£ –° –¨ & –¶ –ú –û –ö","koskasobaska","",,,
"641",":Group","","128628090","–∫–∞–∫ –≤ –∫–Ω–∏–≥–µ –ø–∏—à–µ—Ç—Å—è","club128628090","",,,
"642",":Group","","57923675","Panda Eyes","pandaeyes64","",,,
"643",":Group","","162903355","kapibaryanstvo","kapibaryanstvo","",,,
"644",":Group","","161486117","Netflix","tvnetflix","",,,
"645",":Group","","168717779","–°–∏—Å—Ç–µ–º–Ω—ã–π –ë–ª–æ–∫—ä","sysblok","",,,
"646",":Group","","212358397","machine learrrning","machine_learrrning","",,,
"647",":Group","","194961085","–ì–µ–Ω–µ—Ä–∞—Ç–æ—Ä —Ä—É–∫–æ–ø–∏—Å–Ω—ã—Ö –∫–æ–Ω—Å–ø–µ–∫—Ç–æ–≤ - handwritter.ru","handwritter","",,,
"648",":Group","","79616454","English with Sergey Nim","langformula","",,,
"649",":Group","","193192393","–î–µ—à–º–∞–Ω—å –°—É—à–∏ –†–æ–ª–ª—ã –ü–∏—Ü—Ü–∞ –ö—É—Ä–≥–∞–Ω","deshman45","",,,
"650",":Group","","11283947","–Ø–Ω–¥–µ–∫—Å","yandex","",,,
"651",":Group","","199578492","silentium.","silentiumvk","",,,
"652",":Group","","210918099","Akame - –û–∑–≤—É—á–∫–∞ –ê–Ω–∏–º–µ","akame_och","",,,
"653",":Group","","25232578","–†–ë–ö","rbc","",,,
"654",":Group","","33905270","SovetRomantica / –ü–µ—Ä–µ–≤–æ–¥—ã –∏ –æ–∑–≤—É—á–∫–∞ –∞–Ω–∏–º–µ","sovetromantica","",,,
"655",":Group","","46232553","–ó–∞—Ä—è–¥ 69%","charge_69","",,,
"656",":Group","","51207325","BASSLAND","thebassland","",,,
"657",":Group","","58120520","–®–∫–æ–ª–∞ –∫–æ–º–ø—å—é—Ç–µ—Ä–Ω—ã—Ö –Ω–∞—É–∫ –¢—é–º–ì–£","scs_utmn","",,,
"658",":Group","","81217491","Arthas Elite Streams","evilarthas","",,,
"659",":Group","","86558370","—Å–≤–∏–¥–∞–Ω–∏–µ","svidanieband","",,,
"660",":Group","","91050183","–õ–µ–æ–Ω–∞—Ä–¥–æ –î–∞–π–≤–∏–Ω—á–∏–∫","dayvinchik","",,,
"661",":Group","","95470601","FACE","face","",,,
"662",":Group","","108684842","GitHub Trends","githubtrends","",,,
"663",":Group","","125980899","–±—Ä–µ–¥ –∏ –µ—Ä—É–Ω–¥–∞","bennh","",,,
"664",":Group","","131097409","Yuri The Professional","superyourassik","",,,
"665",":Group","","134983985","–ü–∞—Ç–æ–ª–æ–≥–∏—è –Æ–º–æ—Ä–∞","ptlg_umora","",,,
"666",":Group","","151878956","–ü–æ–≤—ë—Ä–Ω—É—Ç—ã–µ –Ω–∞ –≤–æ–π–Ω–µ","voenacher","",,,
"667",":Group","","153273395","–í—ã—Å—à–∞—è –º–∞—Ç–µ–º–∞—Ç–∏–∫–∞ ‚Äì –ø—Ä–æ—Å—Ç–æ –∏ –¥–æ—Å—Ç—É–ø–Ω–æ!","mathprofiru","",,,
"668",":Group","","171262993","–¢—å—é—Ç–æ—Ä—ã –¢—é–º–ì–£","tutor.utmn","",,,
"669",":Group","","186639922","–ê–∫–∞–¥–µ–º–∏—è –ø—Ä–æ—Ñ–µ—Å—Å–∏–æ–Ω–∞–ª—å–Ω–æ–≥–æ —Ä–∞–∑–≤–∏—Ç–∏—è","cdo_utmn","",,,
"670",":Group","","187702092","Chainsaw Man | –ß–µ–ª–æ–≤–µ–∫-–ë–µ–Ω–∑–æ–ø–∏–ª–∞ | „ÉÅ„Çß„É≥„ÇΩ„Éº„Éû„É≥","chainsawman_page","",,,
"671",":Group","","213839636","–¶–∏—Ñ—Ä–æ–≤–∞—è –∫–∞—Ñ–µ–¥—Ä–∞ –¢—é–º–ì–£","club213839636","",,,
"672",":Group","","218460451","ChatGPT","chatgpt","",,,
"673",":User","","343917182","–¢–∞–Ω—è –ï–º–µ–ª—é–∫–æ–≤–∞","matyashova19","1",,,
"674",":Group","","141873443","–ú–ë–£–î–û ¬´–î–Æ–°–® ‚Ññ1 –∏–º. –ê.–ê. –°–µ–º—ë–Ω–æ–≤–∞¬ª –≥–æ—Ä–æ–¥–∞ –ö—É—Ä–≥–∞–Ω–∞","acrosportkurgan","",,,
"675",":User","","587261510","–ö–∞—Ä–∏–Ω–∞ –ù–∏–∫–æ–ª–∞–µ–Ω–∫–æ","karina673","1",,,
"676",":User","","440699390","–ù–∏–∫–∏—Ç–∞ –í–∞—Å–∏–ª—å–µ–≤","id440699390","2",,,
"677",":User","","673186731","–û—Å–æ–±–æ –û–ø–∞—Å–∏–Ω","id673186731","2",,,
"678",":User","–°–ª–æ–Ω–∏–º","551986215","Artem Vlasik","artemvlasik2","2",,,
"679",":User","","829625164","–ù–∞—Ç–∞–ª—å—è –ú—É—Å—Ç–∞–µ–≤–∞","id829625164","1",,,
"680",":User","","535898794","–ê–ª–µ–∫—Å–µ–π –û—Ä–ª–æ–≤","alexey.orlov5","2",,,
"681",":User","–ö—É—Ä–≥–∞–Ω","812176083","–õ—é–±–æ–≤—å –ö–æ—à–∫–∏–Ω–∞","boxeswithlove","1",,,
"682",":User","","513447998","–ö—Ä–∏—Å—Ç–∏–Ω–∞ –ü—Ä–æ—Ö–æ—Ä–æ–≤–∞","id513447998","1",,,
"683",":User","","411331930","–ù–∞—Å—Ç—è –î–æ–≥–∞–¥–∞–µ–≤–∞","nd92007","1",,,
"684",":User","–ö—É—Ä–≥–∞–Ω","354124588","–í—ã—Å–æ—Ç–∞ –ë–∞—Ç—É—Ç–Ω—ã–π-–ü–∞—Ä–∫","id354124588","2",,,
"685",":User","","541432696","–ê—Ä—Ç—ë–º –®–∞—Ç–æ—Ö–∏–Ω","id541432696","2",,,
"686",":User","","591376473","–ö–æ—Å–∞—Ä–µ–≤–∞ –ê–Ω–∞—Å—Ç–∞—Å–∏—è","id591376473","1",,,
"687",":User","","601781551","–î–∞—à–∞' –ê–º—É—Ä—Å–∫–∞—è","amurskaya333","1",,,
"688",":User","","615236292","–û–ª—å–≥–∞ –ó–∏–º–∞—Ä–µ–≤–∞","zimareva2212","1",,,
"689",":User","","590387988","Vera-Alexejevna Kurbatova","veraalexejevna","1",,,
"690",":User","","342262947","–ê–Ω–∞—Å—Ç–∞—Å–∏—è –ú–∞–Ω–∏–∫—é—Ä-–¢—é–º–µ–Ω—å","instkl_nails","1",,,
"691",":User","","545439709","–î–∞–Ω—è –ú–∞–π–µ—Ä","id545439709","2",,,
"692",":User","–ö—É—Ä–≥–∞–Ω","581174635","–ñ–µ–Ω—è –ë–∞–∂–µ–Ω–æ–≤","ebazhenov5","2",,,
"693",":User","","373907079","–ò–ª—å—è –ë—É–ª—ã–≥–∏–Ω","id373907079","2",,,
"694",":User","–ö—É—Ä–≥–∞–Ω","579819738","–ê–Ω—Ç–æ–Ω –ù–µ–¥–æ–∫—É—à–µ–≤","id579819738","2",,,
"695",":User","Tokyo","550607053","Bog Og","id550607053","2",,,
"696",":User","","475204059","–û–ª—å–≥–∞ –Æ—Ä—á–µ–Ω–∫–æ","hazeiii","1",,,
"697",":User","","681815329","–°–µ—Ä–≥–µ–π –í–∞–Ω–¥—ã—à–µ–≤","vanserghey","2",,,
"698",":User","–ö—É—Ä–≥–∞–Ω","79025436","–ò—Ä–∏–Ω–∞ –ú–∞–Ω–∏–∫—é—Ä –ö—É—Ä–≥–∞–Ω","irina_nails45","1",,,
"699",":User","","307872321","–Ø—Ä–æ—Å–ª–∞–≤ –ï—Ä—ë–º–∏–Ω","yaroslav_eremin","2",,,
"700",":User","","553722359","–í–∞—Å–∏–ª–∏–π –ù–∏–∫–æ–ª–∞–µ–≤–∏—á","vasily.nikolaevich85","2",,,
"701",":User","","586177773","–ï–≥–æ—Ä –ï–Ω–∏–Ω","id586177773","2",,,
"702",":User","–ö—É—Ä–≥–∞–Ω","440627382","Twinklee Kardin","twinklee_e","2",,,
"703",":User","","586725883","Mega Slime","id586725883","1",,,
"704",":User","–°–∞–Ω–∫—Ç-–ü–µ—Ç–µ—Ä–±—É—Ä–≥","583342195","–ï–ª–∏–∑–∞–≤–µ—Ç–∞ –°–æ–∫–æ–ª–æ–≤–∞","id583342195","1",,,
"705",":User","","656128091","–û–ª—å–≥–∞ –°—Ç–µ–ø–∞–Ω–æ–≤–∞","id656128091","1",,,
"706",":User","","423025810","–ö–∞—Ç—è –ê–¥—É—à–∫–∏–Ω–∞","katya_adushkina2","1",,,
"707",":User","–£—Ä—É–≥–≤–∞–π","295922902","–ò—Ä–∏–∫ –ù—É—Ä–æ–≤","inurov7","2",,,
"708",":User","","552785396","–î–∏–º–∞ –ú–∞—Å–ª–µ–Ω–Ω–∏–∫–æ–≤","id552785396","1",,,
"709",":User","","720852426","–ü—Ä–æ—Å—Ç–æ –†–∞–∏–∫–∞–Ω–æ","id720852426","2",,,
"710",":User","","564596665","–ú–∏—à–∞ –ü–µ—Ç—Ä–æ–≤","id564596665","2",,,
"711",":User","","421400912","–Ø–Ω–∞ –í–µ—Ä—à–∏–Ω–∏–Ω–∞","id421400912","1",,,
"712",":User","","533574770","–Ø–Ω–∞ –õ–∞–≥—É–Ω–æ–≤–∞","id533574770","1",,,
"713",":User","","591264865","–í–∏–∫—Ç–æ—Ä–∏—è –ê–±—Ä–∞–º–æ–≤–∞","id591264865","1",,,
"714",":User","","541006411","–ù–∏–∫–∏—Ç–∞ –õ–µ–≤–∏–Ω—Å–∫–∏–π","r00007","2",,,
"715",":User","","477762447","–°–≤–µ—Ç–ª–∞–Ω–∞ –ù–æ–≥–æ—Ç–∫–æ–≤–∞","id477762447","1",,,
"716",":User","","228157003","–†–æ–º–∞–Ω –í–æ–ª—å—Ñ–≥–∞–Ω","sheleutskiy","2",,,
"717",":User","","488961279","–í–µ—Ä–æ–Ω–∏–∫–∞ –ö–æ—Å—Ç–∏—Ü—ã–Ω–∞","id488961279","1",,,
"718",":User","","657458435","Á∫≥‰ªÄÂ°î Â∫ìÂ∞îÁîòÊñØÂü∫","hedgehog_2_0_2_4","2",,,
"719",":User","","542080905","–ü–æ–ª—è –ë–æ–≥–¥–∞–Ω–æ–≤–∞","id542080905","1",,,
"720",":User","","448437756","–í–∏–∫—Ç–æ—Ä–∏—è –ö—É—Ä–≥–∞–Ω—Å–∫–∞—è","id448437756","1",,,
"721",":User","","357984764","–í–∏–∫–∞ –ì–ª—è–¥–µ–ª–æ–≤–∞","slysaetkpop","1",,,
"722",":User","","652989101","–ü—Ä–æ—Å—Ç–æ–π –ü–∞—Ü–∞–Ω","id652989101","2",,,
"723",":User","","610103842","–°–∞—à–∞ –ö–æ–º–∏—Å—Å–∞—Ä–æ–≤","m3phedron","2",,,
"724",":User","","441071907","–ù–∞—Å—Ç–∞—Å—å—è –í–µ–ª–∏–≤—á–µ–Ω–∫–æ","id441071907","1",,,
"725",":User","","559425653","–ö–∞—Ç—è –ì–≤–æ–∑–¥–∏–Ω–∞","id559425653","1",,,
"726",":User","","395976075","–ò—Ä–∏–Ω–∞ –î–µ–Ω–∏—Å–µ–Ω–∫–æ","lren71di","1",,,
"727",":User","","25551766","","","",,,
"728",":User","","559584311","","","",,,
"729",":User","","685757734","","","",,,
"730",":User","","682143318","","","",,,
"731",":User","","643653082","","","",,,
"732",":User","","153960379","","","",,,
"733",":User","","401513434","","","",,,
"734",":User","","512820230","","","",,,
"735",":User","","411757880","","","",,,
"736",":User","","520193571","","","",,,
"737",":User","","634981601","","","",,,
"738",":User","","849352700","","","",,,
"739",":User","","167242384","","","",,,
"740",":User","","566811399","","","",,,
"741",":User","","581153680","","","",,,
"742",":User","","585285698","","","",,,
"743",":User","","680225143","","","",,,
"744",":User","","777431563","","","",,,
"745",":User","","395623915","","","",,,
"746",":User","","637517906","","","",,,
"747",":User","","669721645","","","",,,
"748",":User","","484014337","","","",,,
"749",":User","","663693776","","","",,,
"750",":User","","594495797","","","",,,
"751",":User","","564637100","","","",,,
"752",":User","","22604324","","","",,,
"753",":User","","516993502","","","",,,
"754",":User","","549171423","","","",,,
"755",":User","","261277288","","","",,,
"756",":User","","633413675","","","",,,
"757",":User","","517826172","","","",,,
"758",":User","","468490602","","","",,,
"759",":User","","532288011","","","",,,
"760",":User","","684282568","","","",,,
"761",":User","","256678154","","","",,,
"762",":User","","546518857","","","",,,
"763",":User","","707445028","","","",,,
"764",":User","","442428823","","","",,,
"765",":User","","859017026","","","",,,
"766",":User","","632561426","","","",,,
"767",":User","","511112544","","","",,,
"768",":User","","809109630","","","",,,
"769",":User","","438422159","","","",,,
"770",":User","","270495227","","","",,,
"771",":User","","502071615","","","",,,
"772",":User","","285120661","","","",,,
"773",":User","","762062239","","","",,,
"774",":User","","186703649","","","",,,
"775",":Group","","157462302","–ì–ë–ü–û–£ ¬´–ö—É—Ä–≥–∞–Ω—Å–∫–∏–π –ø—Ä–æ–º—ã—à–ª–µ–Ω–Ω—ã–π —Ç–µ—Ö–Ω–∏–∫—É–º¬ª","kpt45","",,,
"776",":Group","","56524793","–ù–∞–π–¥–∏ –º–µ–Ω—è | –ö—É—Ä–≥–∞–Ω","kurgan.search","",,,
"777",":Group","","106351883","–ò–Ω—Ü–∏–¥–µ–Ω—Ç | –ö—É—Ä–≥–∞–Ω","inckrgn","",,,
"778",":Group","","150591966","–Ω–µ –ø–æ—Ä–∞ –ª–∏ –Ω–∞–º –≤—Å—Ç—Ä–µ—á–∞—Ç—å—Å—è","nplnv","",,,
"779",":Group","","204743050","OPIUM","opiumkurgan","",,,
"780",":Group","","149472484","E N J O Y","preligion","",,,
"781",":Group","","192675803","–ö—É—Ä–≥–∞–Ω—Å–∫–∞—è –≥–µ–Ω–µ—Ä–∏—Ä—É—é—â–∞—è –∫–æ–º–ø–∞–Ω–∏—è | –ü–ê–û –ö–ì–ö","kgk_kurgan","",,,
"782",":Group","","33863926","–ß–ü –ö—É—Ä–≥–∞–Ω","chp45","",,,
"783",":Group","","163807003","–ù–∞—Ö–æ–¥–∫–∏ c Wildberries | WB OZON","wbpublic","",,,
"784",":Group","","47533170","–ö—É—Ä–≥–∞–Ω","kurgan_life","",,,
"785",":Group","","188170365","–ò—â—É –º–æ–¥–µ–ª—å –ö—É—Ä–≥–∞–Ω","modeli45","",,,
"786",":Group","","126216930","–ï–≤–ø–∞—Ç–æ—Ä–∏—è - –¢–´","evpatoria_tv","",,,
"787",":Group","","137360193","–ø–∞—à–µ–º –∫–∞–∫ –ø—Ä–æ–∫–ª—è—Ç—ã–µ","bashproklatie","",,,
"788",":Group","","174862538","–∫—ã—Ä —Å–æ—Å–∏—á–∫–∞","a_hahahah","",,,
"789",":Group","","125770269","–õ–∞–π—Ñ—Ö–∞–∫–µ—Ä—à–∞","lifehack_girl","",,,
"790",":Group","","68784978","–ú–û–î–ù–ê–Ø –ë–µ—Å–µ–¥–∫–∞","fashion4chicks","",,,
"791",":Group","","46596422","–ö–ú–î | –ö–æ—Ä–æ–ª–µ–≤—Å—Ç–≤–æ –ú–∏–ª—ã—Ö –î–∞–º","kamde","",,,
"792",":Group","","126172107","–ó—Ä—è? –ù–µ –∑–Ω–∞—é!","club126172107","",,,
"793",":Group","","205544335","–ê–û –í–æ–¥–Ω—ã–π –°–æ—é–∑","kwater45","",,,
"794",":Group","","124828314","–ù–∞ –•–∞–π–ø–µ","hype_oon","",,,
"795",":Group","","105609165","–ê–Ω–æ–Ω–∏–º–Ω—ã–π —á–∞—Ç | –ó–Ω–∞–∫–æ–º—Å—Ç–≤–∞","about_bot","",,,
"796",":Group","","173506368","–°–æ—á–Ω—ã–π –ö—É—Ä–≥–∞–Ω","beatychild","",,,
"797",":Group","","165492246","–î–æ–º, –≥–¥–µ –ß–µ–ª—è–±–∏–Ω—Å–∫ | –ù–æ–≤–æ—Å—Ç–∏","inburgchel","",,,
"798",":Group","","217128264","–¢–∞—Ç—É –ö—É—Ä–≥–∞–Ω –ø–∏—Ä—Å–∏–Ω–≥ | –ê–ª–µ–∫—Å–µ–π –ë–æ–≥–æ–ª—é–±–æ–≤","kurgan_tattoo","",,,
"799",":Group","","125078468","–ª—é–±–æ–≤—å –∫–∞–∫ –∫–∏—Å–ª–æ—Ä–æ–¥","emmti","",,,
"800",":Group","","33682639","–¢–ò–ü–ò–ß–ù–´–ô –ö–£–†–ì–ê–ù","kurgan","",,,
"801",":Group","","198099516","–î–µ–≤–æ—á–∫–∏ –∏ —Å–µ–∫—Ä–µ—Ç—ã","bb_blooggyc","",,,
"802",":Group","","218438126","Karina Arakelyan | –ö–∞—Ä–∏–Ω–∞ –ê—Ä–∞–∫–µ–ª—è–Ω","arakelyankarino4ka","",,,
"803",":Group","","41554252","–î–æ–º–∞—à–Ω–∏–µ —Ä–µ—Ü–µ–ø—Ç—ã","cooking_time","",,,
"804",":Group","","114209204","–û, –ö—É—Ä–≥–∞–Ω","o_kgn","",,,
"805",":Group","","43696984","V Œõ C U U M","tumblr_vacuum","",,,
"806",":Group","","164575903","–¢–û–ü–û–í–ê–Ø –î–ï–í–û–ß–ö–ê","top.devo4ka","",,,
"807",":Group","","203582970","–†–∞–±—Å—Ç–≤–æ 2.0","slaves_app","",,,
"808",":Group","","156846118","–ö–æ—Å–º–æ—Å –≤–æ –º–Ω–µ","club156846118","",,,
"809",":Group","","146355998","–õ–µ–æ–Ω–∞—Ä–¥–æ | –ó–Ω–∞–∫–æ–º—Å—Ç–≤–∞ –±–æ—Ç","tvoianonbot","",,,
"810",":Group","","190868114","–¥–µ–≤–æ—á–∫–∏ –∏ –æ–±–æ–∏","wllpprgirl","",,,
"811",":Group","","206610693","–≠—Å–∫–∏–∑—ã —Ç–∞—Ç—É","eskizitatuh","",,,
"812",":Group","","158413769","d o p e","dopesave","",,,
"813",":Group","","113766658","sketch books","skmagazine","",,,
"814",":Group","","203071162","–î–æ–±—Ä—è–∫","travellerdobr","",,,
"815",":Group","","95656776","–ß–ü –∏ –î–¢–ü | –ß—Ä–µ–∑–≤—ã—á–∞–π–Ω–æ–µ –ø—Ä–æ–∏—Å—à–µ—Å—Ç–≤–∏–µ | –ü–ï–†–ú–¨","cp_perm","",,,
"816",":Group","","139740824","–ë–æ—Ç –õ–µ–Ω–∞","bot_lena","",,,
"817",":Group","","174414162","- Ãó ÃÄ –Ω–æ–≥—Ç–∏ –º–∞–Ω–∏–∫—é—Ä  Ãñ ÃÅ- | WILDBERRIES | –ë—å—é—Ç–∏","cho.p.maniku","",,,
"818",":Group","","159976168","—ç—Å–∫–∏–∑—ã","moieskizy","",,,
"819",":Group","","40586683","–¢—Ä–µ–Ω–µ—Ä—Å–∫–∏–π –ë–ª–æ–≥","blogtreneraa","",,,
"820",":Group","","166634470","–®–∞—É—Ä–º–∞—Å—Ç–µ—Ä Team | –ö—É—Ä–≥–∞–Ω","shaurmakgn","",,,
"821",":Group","","190548905","PYTN","tiktok_payton","",,,
"822",":Group","","24099488","–û –±–ª–∏–Ω! - –ì–¥–µ –±–ª–∏–Ω? - –í–æ–Ω –±–ª–∏–Ω!","comics_troll_face","",,,
"823",":Group","","168034531","–ó–ù–ê–¢–û–ö","znatox","",,,
"824",":Group","","155714985","–ë–µ–ª–∏—Å–∏–º–æ | –ö—É—Ä–≥–∞–Ω: –°—É—à–∏ –†–æ–ª–ª—ã –ü–∏—Ü—Ü–∞ WOK –î–æ—Å—Ç–∞–≤–∫–∞","belisimo45","",,,
"825",":Group","","189257145","–ï–í–ü–ê–¢–û–†–ò–Ø –ß–ü | EVPA CHP","evpa_chp","",,,
"826",":Group","","124607541","–ß—É–º–ª—è–∫ | –ö–æ–º–ø–ª–µ–∫—Å –æ—Ç–¥—ã—Ö–∞ –∏ —Ä–∞–∑–≤–∏—Ç–∏—è","chumlyak45","",,,
"827",":Group","","178937462","–∞—É—Ç–µ–Ω—Ç–∏ÃÅ—á–Ω–æ","auth_ltd","",,,
"828",":Group","","97929085","–ê–Ω–æ–Ω–∏–º–Ω—ã–π –ß–∞—Ç - –ë–æ—Ç –ó–Ω–∞–∫–æ–º—Å—Ç–≤–∞","chatik_botvk","",,,
"829",":Group","","165176398","—à–µ—Å—Ç–Ω–∞–¥—Ü–∞—Ç—å –ø–ª—é—Å","belovme105","",,,
"830",":Group","","220091254","Wood Mood","wooodmoood","",,,
"831",":Group","","122358704","–°–æ—á–Ω—ã–π –≤–æ–∑—Ä–∞—Å—Ç","sochnyee69","",,,
"832",":Group","","62512467","–õ–µ–æ –î–∞–π–≤–∏–Ω—á–∏","botoboi_1","",,,
"833",":Group","","21196992","–ú–∏–ª–æ—Å—Ç–∏ –ü—Ä—è–Ω–æ—Å—Ç–∏","milpryan","",,,
"834",":Group","","177451963","–ú–ë–û–£ ""–¶–û""","club177451963","",,,
"835",":Group","","218469360","BERSERK |  –¢–∞—Ç—É & –ü–∏—Ä—Å–∏–Ω–≥ | –ö—É—Ä–≥–∞–Ω","berserk.studio","",,,
"836",":Group","","125574377","–ó–Ω–∞–∫–æ–º—Å—Ç–≤–∞ –ö—É—Ä–≥–∞–Ω","find_you_love","",,,
"837",":Group","","199977120","My Wildberries | –ù–∞—Ö–æ–¥–∫–∏","top_mywb","",,,
"838",":Group","","46677075","–ü—Ä–æ–¥–∞—é | –ö—É—Ä–≥–∞–Ω","kurgan.free2","",,,
"839",":Group","","127717435","–ü—Ç–∏—Ü–∞ —Ü–≤–µ—Ç–∞ –∫–∏–Ω–æ–≤–∞—Ä–∏","kinovari","",,,
"840",":Group","","197815110","–î–æ—Å—Ç–∞–≤–∫–∞ —Ä–æ–ª–ª–æ–≤ –∏ –ø–∏—Ü—Ü—ã | –û—Ä–∏–≥–∞–º–∏ | –≥. –ö—É—Ä–≥–∞–Ω","origami_sushi_45","",,,
"841",":Group","","119011075","–õ—É–Ω –í–∞–Ω | –ö—É—Ä–≥–∞–Ω: –°—É—à–∏ –†–æ–ª–ª—ã –ü–∏—Ü—Ü–∞ Wok –î–æ—Å—Ç–∞–≤–∫–∞","lunvan45","",,,
"842",":Group","","173126618","–î–æ–±—Ä—ã–π –∫–æ—Ç–∏–∫","good_cat_official","",,,
"843",":Group","","30316056","WebM 2.0","webm","",,,
"844",":Group","","163331954","–ú–æ–¥–Ω—ã–µ –ù–∞—Ö–æ–¥–∫–∏ —Å WB Wildberries –í–∞–π–ª–¥–±–µ—Ä—Ä–∏–∑","wb_dzen","",,,
"845",":Group","","185434480","–†—É—Å—Å–∫–∞—è —Å—É—â–Ω–æ—Å—Ç—å.","club185434480","",,,
"846",":Group","","221991717","BlackBread","blackbreadrus","",,,
"847",":Group","","182875281","astro geeks | –≥–æ—Ä–æ—Å–∫–æ–ø","astrogks","",,,
"848",":Group","","96371941","–¢–æ–ø–æ–≤—ã–µ —Å–æ—Ö—Ä—ã „É†","topsohr111","",,,
"849",":Group","","193695491","–∫–∞—Ä–∏—à–∫–∞ –ø–∏—à–µ—Ç","konchennnnnnnaya","",,,
"850",":Group","","187344871","–ì–í–ü–¶ ""–ó–≤–µ–∑–¥–∞"" | –ö—É—Ä–≥–∞–Ω","gvptszvezda45","",,,
"851",":Group","","182565493","–í–µ—Ç–µ—Ä–∏–Ω–∞—Ä–Ω—ã–π –∫–∞–±–∏–Ω–µ—Ç –§–æ–∫—Å ! —É–ª. –ü—É—à–∫–∏–Ω–∞, 65","club182565493","",,,
"852",":Group","","90937359","Oh, yes","oh_oh_yes","",,,
"853",":Group","","128480815","K4M | –ö–∞—á–∞–π –º–µ–Ω—è","ka4forme","",,,
"854",":Group","","46535426","–ü—Ä–∏–∫–æ–ª—ã –ì–∏—Ñ –ì–∏—Ñ–∫–∏ GIF","mdk_4ch_4chan","",,,
"855",":Group","","147222781","–¢—Ä—É–¥–Ω—ã–µ –ø–æ–¥—Ä–æ—Å—Ç–∫–∏, –ü–æ–¥—Ä–æ—Å—Ç–∫–∏ –≤ –∫–æ—Å–º–æ—Å–µ","trydnyepodrostki","",,,
"856",":Group","","45441631","–ü–†–ò–ö–û–õ–´ | –°–º–µ—è–∫–∞","smeyaka","",,,
"857",":Group","","223226065","–§–æ—Ç–æ–≥—Ä–∞—Ñ –î–∞—Ä—å—è –ö–æ–ª—á–∏–Ω–∞ | –ö—É—Ä–≥–∞–Ω","club223226065","",,,
"858",":Group","","213803429","–°—É—à–∏ –î–∞—Ä–æ–º | –ö—É—Ä–≥–∞–Ω","sushidarom.kurgan","",,,
"859",":Group","","166565888","–ê–õ–ö–û–õ–Æ–ë–û–í–¨","alko__love","",,,
"860",":Group","","175053128","–í–ö, –∑–∞ —á—Ç–æ?","zachtovk","",,,
"861",":Group","","167630585","–ú–ê–ù–ò–ö–Æ–†_–ö–£–†–ì–ê–ù","vika_s_nail","",,,
"862",":Group","","177933740","Bafomet","bafomet_astarotovich","",,,
"863",":Group","","166510852","–¢–ê–¢–£ & –¢–ê–¢–£–ò–†–û–í–ö–ò & –≠–°–ö–ò–ó–´","eskizitatu","",,,
"864",":Group","","145643494","–¢–µ–±–µ –Ω–∞ –ø–µ—Ä–µ–≥–æ–≤–æ—Ä—ã","peregovory","",,,
"865",":Group","","46509740","–ú–∞–Ω–∏–∫—é—Ä 2024 | –î–∏–∑–∞–π–Ω –Ω–æ–≥—Ç–µ–π","modnailru","",,,
"866",":Group","","203022486","–î—Ä–∞—Ç—É—Ç–∏)","club203022486","",,,
"867",":Group","","191738545","–ø–∏–∫—á–∏ –¥–ª—è –∫–æ—Ç–∏–∫–æ–≤","lovkiti","",,,
"868",":Group","","211358311","–ù–æ–≥—Ç–∏ –ö—É—Ä–≥–∞–Ω","club211358311","",,,
"869",":Group","","69351304","–ö—É—Ä–≥–∞–Ω","region__45","",,,
"870",":Group","","75432056","–ú–∞–∫—Å –ë—Ä–∞–Ω–¥—Ç. –í–µ–¥—É—â–∏–π –§—É–¥-–±–ª–æ–≥–µ—Ä","maxbrandtpublic","",,,
"871",":Group","","172037275","–ú–æ–ª–æ–¥—ë–∂—å –ö—É—Ä–≥–∞–Ω–∞","mldz_kgn","",,,
"872",":Group","","135556314","–®–∫–æ–ª—å–Ω–∞—è –∂–∏–∑–Ω—å „ÉÑ","schooolst","",,,
"873",":Group","","177578354","Tik-Tok –∂–∏–∑–∞","nenormtiktok","",,,
"874",":Group","","191794973","–ª—é–±–æ–≤—å –ø–æ–¥ –≥—Ä–∞–¥—É—Å–æ–º","love_p_g","",,,
"875",":Group","","128696771","–∫–∞–∫ –≤ –∫–Ω–∏–≥–µ –Ω–∞–ø–∏—Å–∞–Ω–æ","club128696771","",,,
"876",":Group","","45112200","–ú–µ–º–æ–∫—Ä–∞—Ç–∏—è","memocracy_official","",,,
"877",":Group","","67351194","–Æ–ª–∏–∫","juliusspeak","",,,
"878",":Group","","152433920","–û–ë–û–ò","bot_oboi_text","",,,
"879",":Group","","214323094","Rarri Store","rarri.store","",,,
"880",":Group","","178600852","–¢–≤–æ–π –∫–æ—Å–º–æ—Å","tvoi_kocmos00","",,,
"881",":Group","","69966880","–í–æ–ª–æ–Ω—Ç–µ—Ä—ã-–º–µ–¥–∏–∫–∏","volmedic","",,,
"882",":Group","","135209264","–ë–æ—Ç –ú–∞–∫—Å–∏–º","bot_maxim","",,,
"883",":Group","","186634371","–ú–û–ò –†–ï–¶–ï–ü–¢–´","retseptymy","",,,
"884",":Group","","215942064","–ú–ò–®–ö–ê –¢–ï–î–î–ò|–ü–û–ó–î–†–ê–í–õ–ï–ù–ò–Ø|–ö–£–†–ì–ê–ù","super.m1shk1","",,,
"885",":Group","","179120283","great depression","club179120283","",,,
"886",":Group","","187895734","–ò—Å–∫—É—Å—Å—Ç–≤–æ –ª—é–±–≤–∏","impulse_me","",,,
"887",":Group","","175687760","–≤–∏–Ω–∫—Å –º–µ–º–µ—Å","malchikitupye","",,,
"888",":Group","","156113170","–°–ª–µ–¥—ã –ª—é–±–≤–∏","sledy_lyubvi","",,,
"889",":Group","","170554107","—Ç–æ–ø–æ–≤—ã–π –º–∞–Ω–∏–∫","topovyj_manik","",,,
"890",":Group","","156527727","–ö—É—Ä–≥–∞–Ω | –∫—É—Ä–≥–∞–Ω—Å–∫–∏–µ.—Ä—É","kurganskie_ru","",,,
"891",":Group","","132394764","–°—Ç–µ–Ω–∞ –£–¥–∞—á–∏| –ö–æ–Ω–∫—É—Ä—Å| –†–æ–∑—ã–≥—Ä—ã—à| –î–µ–Ω—å–≥–∏ –∑–∞ –†–µ–ø–æ—Å—Ç","stenaudachi","",,,
"892",":Group","","159028069","–ù–∞—Ö–æ–¥–∫–∏ Wildberries | WB","wblovee","",,,
"893",":Group","","155323412","–ú–æ–π —Å—Ç–∏–ª—å","moystyle","",,,
"894",":Group","","98356028","–ö—É—Ägun—Å–∫–∏–µ —Ä–æ—Ñ–ª—ã","kurganrofl","",,,
"895",":Group","","132223182","z–∞–∂–∏g–∞–ª–∫–∞","zazhigalka16","",,,
"896",":Group","","95387835","–ø–æ–∫–æ–ª–µ–Ω–∏–µ –¥–≤—É—Ö—Ç—ã—Å—è—á–Ω—ã—Ö","amrsnss","",,,
"897",":Group","","145742422","–≠–∫—Å—Ç—Ä–∞ –ü—Ä–∏–∫–æ–ª—ã Ÿ©(Õ°‡πèÃØÕ°‡πè)€∂","lprikolil","",,,
"898",":Group","","174748239","–ù–∞ —é–º–æ—Ä–∫–µ","na_yumorke","",,,
"899",":Group","","146812438","–ò–¥–µ–∞–ª—å–Ω–æ","stoprofoto","",,,
"900",":Group","","177776159","–§—Ä–µ–Ω–¥–∑–æ–Ω–∞","fz_96","",,,
"901",":Group","","131206300","–≤–æ–¥–∫–∞ –≤–∏–Ω–æ","vodkavine","",,,
"902",":Group","","187401979","—á—Ç–æ-—Ç–æ –æ –∫–æ—Å–º–µ—Ç–∏–∫–µ","aboutmake","",,,
"903",":Group","","5683004","–¶–µ–Ω—Ç—Ä —Ç–∞–Ω—Ü–∞ ""–ü–∞—Ä–∞–¥–æ–∫—Å"" –¢—é–º–µ–Ω—å / –ö—É—Ä–≥–∞–Ω","paradox_45","",,,
"904",":Group","","181312605","–ø–æ —Ç–µ—á–µ–Ω–∏—é –≥—Ä—É—Å—Ç–∏","publik78787","",,,
"905",":Group","","185724270","–¢–≤–æ–π —É—Å–ø–µ—Ö ‚Äî —Ç–≤–æ–π –≤—ã–±–æ—Ä","tvoi_uspeh_tvoi_vibor","",,,
"906",":Group","","186855341","Beauty  every day","krasotastrashnayasi","",,,
"907",":Group","","212681098","SHZKOLA30","shzkola30","",,,
"908",":Group","","187991849","–°—Ç—É–¥–∏—è –∞—ç—Ä–æ–¥–∏–∑–∞–π–Ω–∞ ""–í—Å–µ –¥–ª—è –ø—Ä–∞–∑–¥–Ω–∏–∫–∞"" | –ö—É—Ä–≥–∞–Ω","45prazdnik","",,,
"909",":Group","","193042505","Sale wildberries —Å–∫–∏–¥–∫–∏ wb","dress_montana","",,,
"910",":Group","","198212058","–û—Ä –≤—ã—à–µ –≥–æ—Ä","orvergor","",,,
"911",":Group","","35701938","–Ø–∑—ã–∫–æ–≤–∞—è —à–∫–æ–ª–∞ –®–∞–Ω—Å, –≥. –ö—É—Ä–≥–∞–Ω","chance_45","",,,
"912",":Group","","39354076","–ò–Ω—Ü–∏–¥–µ–Ω—Ç | –ß–ü | –î–¢–ü | –ß–µ–ª—è–±–∏–Ω—Å–∫ | –ù–æ–≤–æ—Å—Ç–∏","pozitiv__world","",,,
"913",":Group","","179997490","–ß—ë—Ä—Ç–æ–≤ –≥–µ–Ω–∏–π","damngenius","",,,
"914",":Group","","190797855","–í—ã—à–µ–ª –ø–æ–∫—É—Ä–∏—Ç—å.","pokyrit_1","",,,
"915",":Group","","147720339","–ê—Ä—Ç –ë–æ—Ç","artibot","",,,
"916",":Group","","149889587","depressed eyes","club149889587","",,,
"917",":Group","","164624282","merch market","thmrch","",,,
"918",":Group","","165160708","–î–Ω–µ–≤–Ω–∏–∫ —Ä–æ—Ñ–ª–æ–≤","club165160708","",,,
"919",":Group","","215265752","VK NFT HUB","nft","",,,
"920",":Group","","126100310","–ú–∞–Ω–∏–∫—é—Ä | –ù–æ–≥—Ç–∏ | –ü–µ–¥–∏–∫—é—Ä | 2024","women.nails","",,,
"921",":Group","","179441955","—á–∏—Å—Ç–æ –¥–ª—è —Å–µ–±—è","4isto.dly.sebya","",,,
"922",":Group","","183247649","—ç—Å–∫–∏–∑—ã","tattoo_scetch","",,,
"923",":Group","","16337851","Candy–°off –î–æ—Å—Ç–∞–≤–∫–∞ –ø–æ–Ω—á–∏–∫–æ–≤ –ß–µ–±–æ–∫—Å–∞—Ä—ã 211 - 112","candycoff21","",,,
"924",":Group","","16775977","–¢–µ–ª–µ–∫–∞–Ω–∞–ª –ü–Ø–¢–ù–ò–¶–ê!","friday_ru","",,,
"925",":Group","","18464856","–õ—É—á—à–∏–µ —Ä–µ—Ü–µ–ø—Ç—ã –ü–æ–≤–∞—Ä–∞","vpovare","",,,
"926",":Group","","20039828","–¢–í–û–ï","tvoe_official","",,,
"927",":Group","","22822305","–í–ö–æ–Ω—Ç–∞–∫—Ç–µ","vk","",,,
"928",":Group","","23830580","–ù–ì","un_horoscope","",,,
"929",":Group","","28038996","Laser B.","laserb","",,,
"930",":Group","","28901219","in my life","zdoroveinmylife","",,,
"931",":Group","","30113781","–∫ —Ç–µ–±–µ —Ö–æ—á—É. –æ—á–µ–Ω—å","very.much","",,,
"932",":Group","","31240539","–ó–Ω–∞–∫–∏ –∑–æ–¥–∏–∞–∫–∞ –∏ –°–æ–≤–º–µ—Å—Ç–∏–º–æ—Å—Ç—å","znaki_zodiaka_2023","",,,
"933",":Group","","31457299","SFAP","anabolism_machine","",,,
"934",":Group","","33437162","–°—É—Ä–æ–≤—ã–π –Æ–º–æ—Ä ..[–ß—ë—Ç–∫–∏–µ –ø—Ä–∏–∫–æ–ª—ã]..","club33437162","",,,
"935",":Group","","35197781","–§–∏–ª–æ—Å–æ—Ñ–∏—è –†–∞–¥–æ—Å—Ç–∏ –∏ –ì—Ä—É—Å—Ç–∏","not.return","",,,
"936",":Group","","35493504","KURGAN.RU –ù–æ–≤–æ—Å—Ç–∏ –ö—É—Ä–≥–∞–Ω–∞","kurganru","",,,
"937",":Group","","36307678","–°–æ–±–µ—Å–µ–¥–Ω–∏–∫ –Ω–∞ —á–∞—Å","lovesama","",,,
"938",":Group","","36941068","AliExpress","aliexpress","",,,
"939",":Group","","37875518","Educational Meal","educationalmeal","",,,
"940",":Group","","38641003","–ü–∞–ª—å–º–∏—Ä–∞ - –æ—Ç–ª–∏—á–Ω—ã–π –ø–∞—Ä—Ñ—é–º–µ—Ä–Ω—ã–π –º–∞–≥–∞–∑–∏–Ω","palmira45","",,,
"941",":Group","","41760411","–ì–µ–π–º–µ—Ä—ã | –ò–≥—Ä—ã, –ö–æ—Å–ø–ª–µ–π, gif –∏ —é–º–æ—Ä","f_igri","",,,
"942",":Group","","41775217","–§–∏–ª—å–º—ã 18+","kinoshka_4k","",,,
"943",":Group","","42878690","Aliexpress Best.","public.phpdiadiatema","",,,
"944",":Group","","43776215","–Ø —Ç–µ–±—è —Ö–æ—á—É","iwantyou","",,,
"945",":Group","","46189160","–ú—É–∑—ã–∫–∞ –∏–∑ Tik Tok","tiktokmusic123","",,,
"946",":Group","","47610608","–ú–æ–¥–∞","moda","",,,
"947",":Group","","55301144","–ò–∑–æ–ª–µ–Ω—Ç–∞","lenta.giper","",,,
"948",":Group","","56106344","–ü–∞–ª–∞—Ç–∞ ‚Ññ6","pn6","",,,
"949",":Group","","62238027","–ü–æ–º–µ—Ä–∞–Ω—Å–∫–∏–π —à–ø–∏—Ü. –©–µ–Ω–∫–∏ –Ω–∞ –ø—Ä–æ–¥–∞–∂—É.","club62238027","",,,
"950",":Group","","64125843","–ù—è—à–∫–∏ | –ö—É—Ä–≥–∞–Ω","nyashki_kurgan","",,,
"951",":Group","","64131250","–í–∏–¥–µ–æ–±–ª–æ–≥–µ—Ä Elli Di. –ö–∞–Ω–∞–ª YouTube –≠–ª–ª–∏ –î–∏","ellidi_youtube","",,,
"952",":Group","","64714717","–ö—Å—Ç–∞—Ç–∏ | –ö—É—Ä–≥–∞–Ω","kurgan.free","",,,
"953",":Group","","64754470","–û–±–æ–∏","botoboi_2","",,,
"954",":Group","","69212775","LOGOS","club69212775","",,,
"955",":Group","","71632941","–Ø–Ω–ì–æ","yan_go","",,,
"956",":Group","","73882058","—Ç–∞ —Å–∞–º–∞—è –ø–µ—Å–Ω—è","song_18","",,,
"957",":Group","","77573524","Candy Donuts –î–æ—Å—Ç–∞–≤–∫–∞ –ø–æ–Ω—á–∏–∫–æ–≤ –í–æ–ª–≥–æ–≥—Ä–∞–¥ 507-177","candydonutsvlg","",,,
"958",":Group","","79222535","–î—É—Ö –≤–æ–ª–∫–∞","skrusskiysever","",,,
"959",":Group","","79349766","–ö–≤–µ—Å—Ç—ã –∏ –ø—Ä–∞–∑–¥–Ω–∏–∫–∏ ‚Ä¢ –ö—É—Ä–≥–∞–Ω","mysterygogol","",,,
"960",":Group","","83815413","–ù–µ–æ–±—ã—á–Ω—ã–π –≥–æ—Ä–æ—Å–∫–æ–ø","unhoroscope","",,,
"961",":Group","","92879038","–π·∏ï","eyememes","",,,
"962",":Group","","93330757","–ö–∞—Ä–∞–º–µ–ª—å","caramel6","",,,
"963",":Group","","93591335","–ö—É–±–∞. Music Bar","cubaviva45","",,,
"964",":Group","","94350507","–ì–∞–º–∞—é–Ω. –°–µ—Ä–≤–∏—Å —Ä–∞—Å—Å—ã–ª–æ–∫ —Å–æ–æ–±—â–µ–Ω–∏–π | SMM","gmunpro","",,,
"965",":Group","","96514311","–ú–µ–º—ã","club96514311","",,,
"966",":Group","","98990412","–†–∏—Å—É–Ω–∫–∏","club98990412","",,,
"967",":Group","","104698133","ValeraBerd","valeraberd_official","",,,
"968",":Group","","106859421","ZOZI –ü–û–î–ö–ê–°–¢","igorzozi","",,,
"969",":Group","","119347887","–ë–∞—Ä–∞—Ö–æ–ª–∫–∞ Apple –ö—É—Ä–≥–∞–Ω. –û–±—ä—è–≤–ª–µ–Ω–∏—è.","club119347887","",,,
"970",":Group","","120126172","–º–∞–ª–∞—è, —è —Å–∫—É—á–∞—é...","love_800k","",,,
"971",":Group","","122088089","HARD PLAY TEAM","hp_legion","",,,
"972",":Group","","122552118","–ü–æ–ª–µ–∑–Ω–∞—è –ê–∑–∏—è","blackpng","",,,
"973",":Group","","123742165","–ú–∞–Ω–∏–∫—é—Ä, –Ω–æ–≥—Ç–∏","vk_nail","",,,
"974",":Group","","124356825","–¢–∏–ø–∏—á–Ω—ã–π –ú–∞–≥–Ω–∏—Ç–æ–≥–æ—Ä—Å–∫","typical.magnitogorsk","",,,
"975",":Group","","126165181","–Ø –∞–Ω–≥–µ–ª–æ–º –±—ã—Ç—å –Ω–µ –æ–±–µ—â–∞–ª–∞..","nashintlv","",,,
"976",":Group","","128648717","–§–∞–∫—Ç—ã –æ —Ä–æ–¥–∏–≤—à–∏—Ö—Å—è 18 –º–∞—Ä—Ç–∞","club128648717","",,,
"977",":Group","","128730587","—Ç–∞–∫ –≤—ã—à–ª–æ. —á—Ç–æ","club128730587","",,,
"978",":Group","","136445471"," ú·¥Ä Ä·¥Öw·¥Ä Ä","hardwar1","",,,
"979",":Group","","137963344","–ù–µ—Å—á–∞—Å—Ç–Ω—ã–π —Ö—É–¥–æ–∂–Ω–∏–∫ | –≠—Å–∫–∏–∑—ã —Ç–∞—Ç—É","unhappyart","",,,
"980",":Group","","138507920","–†—ã–Ω–æ–∫ –°–∞–¥–æ–≤–æ–¥","rynok_sadovod_1","",,,
"981",":Group","","139533130","–ò—Å—Ç–æ—Ä–∏–∏ –∏ –º–∞—Å–∫–∏ –í–ö–æ–Ω—Ç–∞–∫—Ç–µ","vkstories","",,,
"982",":Group","","140692000","in my life","life_ltd","",,,
"983",":Group","","144181254","GIRL MEMES","girlmeme","",,,
"984",":Group","","144468374","–ë–µ—Å–ø–ª–∞—Ç–Ω—ã–µ –∫–æ–Ω–∫—É—Ä—Å—ã, —Ä–æ–∑—ã–≥—Ä—ã—à–∏ –ø—Ä–∏–∑–æ–≤","club144468374","",,,
"985",":Group","","144542965","–ü—Ä–∏–∫–æ–ª—ã –î–Ω—è","prik_dn","",,,
"986",":Group","","149229296","PoNciCk Yum","club149229296","",,,
"987",":Group","","150451439","SHTUKI | –®—Ç—É–∫–∏ | SIBMAGIC | –ù–æ—á–Ω–∏–∫–∏, —Å–≤–µ—Ç–∏–ª—å–Ω–∏–∫–∏","shtuki_shop","",,,
"988",":Group","","152109804","–¶–∏—Ç–∞—Ç–Ω–∞—è —Ç–µ—Ç—Ä–∞–¥—å","citata_tetrad1","",,,
"989",":Group","","155106559","—ç—Ç–æ –º–æ–≥–ª–∏ –±—ã—Ç—å –º—ã","etomogli","",,,
"990",":Group","","156197485","–ë–æ–≥ —Ñ–æ—Ç–æ—à–æ–ø–∞","bog_memes","",,,
"991",":Group","","156847489","–Ø –≤–∏–∂—É —Å—Ç–µ–Ω—ã —Ç–∞–∫","iseethewalls","",,,
"992",":Group","","156872796","–º–∞–ª–µ–Ω—å–∫–∏–µ –±–ª–æ–∫–Ω–æ—Ç—ã","club156872796","",,,
"993",":Group","","158058455","–Æ–º–æ—Ä","club158058455","",,,
"994",":Group","","158330367","–î–æ–±—Ä—ã–π –§–∞–Ω–∞—Ç","dobriifanat","",,,
"995",":Group","","158631894","–•–∞–ª—Ç—É—Ä–∞ –ö—É—Ä–≥–∞–Ω | –†–∞–±–æ—Ç–∞","nehaltura_kurgan","",,,
"996",":Group","","166948584","–±–æ—Ç –±–∞–Ω–¥–∏—Ç","botbandit","",,,
"997",":Group","","181997824","–º–∞–º–∞, –æ–Ω –º–æ–π –ø–∞—Ä–µ–Ω—å","rssad","",,,
"998",":Group","","160812228","–ú—É–∑—ã–∫–∞ –Ω–∞—Å —Å–≤—è–∑–∞–ª–∞","greatestmus","",,,
"999",":Group","","163103759","–ü—Ä—è—Ç–∫–∏ –û–Ω–ª–∞–π–Ω","hideonline.mobile","",,,
"1000",":Group","","163253397","Sawtelle | –ò–¥–µ–∏ –¥–ª—è –º–∞–Ω–∏–∫—é—Ä–∞","sawtelle","",,,
"1001",":Group","","163586532","–ü—Ä–æ–µ–∫—Ç ¬´–ê–Ω—Ç–∏ –ê–£–ï*¬ª","stopaye","",,,
"1002",":Group","","164755674","–Ø–ñ–ï–•–£–î–ï–Æ","club164755674","",,,
"1003",":Group","","164919759","–ì–æ–ª–æ—Å–æ–≤—ã–µ –≤ —Ç–µ–∫—Å—Ç - –±–æ—Ç","vkvoicebot","",,,
"1004",":Group","","165231388","HELP BMX","bmxhelp","",,,
"1005",":Group","","165659720","ATOMY- –ö–æ—Ä–µ–π—Å–∫–∞—è –∫–æ—Å–º–µ—Ç–∏–∫–∞ –∏ –±–∏–∑–Ω–µ—Å.","club165659720","",,,
"1006",":Group","","166517957","–ö–†–ò–ù–ñ.","cringe.memes","",,,
"1007",":Group","","166850908","–ê–∫–∫–∞—É–Ω—Ç VK ID","vk_id","",,,
"1008",":Group","","166994977","auroraborealis","auroraborealislove","",,,
"1009",":Group","","167517148","üßÅSweet Slimes/–ö—É—Ä–≥–∞–Ω","club167517148","",,,
"1010",":Group","","169465224","–ë–µ—Å–ø–ª–∞—Ç–Ω—ã–π | –î–µ–Ω—å–≥–∏ –∑–∞ —Ä–µ–ø–æ—Å—Ç","prizwinner","",,,
"1011",":Group","","170740813","–†—É–º—ã–Ω—Å–∫–æ–µ –≥—Ä–∞–∂–¥–∞–Ω—Å—Ç–≤–æ —Å –ø–æ–¥–∞—á–µ–π –≤ –†–§","club170740813","",,,
"1012",":Group","","171206317","–î–∞—Ä–∏–º –∫–∞–∂–¥—ã–π –¥–µ–Ω—å","club171206317","",,,
"1013",":Group","","171290323","Eternity | Rap News","rapfamily","",,,
"1014",":Group","","173138936","FUNNY MEMES | –í–ò–î–ï–û","funnymemsss","",,,
"1015",":Group","","173719487","–î–æ—Å—Ç–∞–≤–∫–∞ —Ä–æ–ª–ª–æ–≤ –ñ–ò–®–ò —Å—É—à–∏ | –ö—É—Ä–≥–∞–Ω","jishi_kurgan","",,,
"1016",":Group","","173929245","–°–ª—ã—à—å, –º–∞–ª–∞—è, —è —Å–∫—É—á–∞—é...","heysmiss","",,,
"1017",":Group","","174141270","–µ—Å–ª–∏ —Ç–µ–±–µ –±—É–¥–µ—Ç –≥—Ä—É—Å—Ç–Ω–æ","zvukts","",,,
"1018",":Group","","174163184","DAVA","dava","",,,
"1019",":Group","","174226121","–¢–≤–æ–∏ —Å–æ—Ö—Ä–∞–Ω–µ–Ω–∫–∏","otbit_fanat","",,,
"1020",":Group","","174332322","–°–ª–∞–π–º—ã","club174332322","",,,
"1021",":Group","","175041487","–î–µ–≤–æ—á–∫–∞ –∏–∑ –∞–¥–∞","devochkaada1","",,,
"1022",":Group","","175041793","–û—Ä–ª—ã –∏ –û—Ä–ª–∏—Ü—ã –ö—É—Ä–≥–∞–Ω–∞","orelkurgan","",,,
"1023",":Group","","175302934","BLACK","black7group","",,,
"1024",":Group","","175417112","–∑–∞—Å–æ—Å—ã","club175417112","",,,
"1025",":Group","","176182063","–î–æ–º–∞—à–Ω–∏–µ –∂–∏–≤–æ—Ç–Ω—ã–µ","club176182063","",,,
"1026",":Group","","176183524","–ú–∏–ª—ã–µ –∂–∏–≤–æ—Ç–Ω—ã–µ (–¥–æ–º–∞—à–Ω–∏–µ –∏ –¥–∏–∫–∏–µ)","club176183524","",,,
"1027",":Group","","177027537","‚ô° –í–ª—é–±–ª–µ–Ω–Ω—ã–µ –≤ –∫–∏–Ω–æ - –§–∏–ª—å–º—ã –ø—Ä–æ –ª—é–±–æ–≤—å","filmloversru","",,,
"1028",":Group","","177029891","–ú–µ–º–æ—à–Ω–∞—è. –û—Ñ–∏—Ü–∏–∞–ª—å–Ω–∞—è –≥—Ä—É–ø–ø–∞","memoshnayapublic","",,,
"1029",":Group","","178159338","–ü–æ–¥—Å–ª—É—à–∞–Ω–æ –©–µ—Ä–±–∏–Ω–∫–∞ –¢–ò–ù–ê–û","smallbrighter","",,,
"1030",":Group","","178272166","ohhhh","ohhhh","",,,
"1031",":Group","","178451738","–£—á–µ–±–Ω–∏–∫–∏, –∫–æ—Ç–æ—Ä—ã–µ –º—ã –∑–∞—Å–ª—É–∂–∏–ª–∏","uchebnik_kotoryi_zaslygil","",,,
"1032",":Group","","178528111","–∏–Ω—Ç–µ—Ä–Ω–µ—Ç –ø–æ–¥—Ä–æ—Å—Ç–æ–∫","npoownov","",,,
"1033",":Group","","178652522","–ü–æ–¥—Å–ª—É—à–∞–Ω–æ –≤ –ü–µ—Ä–µ—Å–ª–∞–≤–ª–µ","overheard_pereslavl_zalessky","",,,
"1034",":Group","","178782839","–ì–æ—Ä–æ—Å–∫–æ–ø","club178782839","",,,
"1035",":Group","","178931688","–§–æ—Ç–æ –Ω–∞ –ø–∞—Å–ø–æ—Ä—Ç –ö—É—Ä–≥–∞–Ω. –î–æ–∫—É–º–µ–Ω—Ç—ã. –°—Ç—É–¥–µ–Ω—á–µ—Å–∫–∏–π","club178931688","",,,
"1036",":Group","","178937011","–ß–£–í–°–¢–í–£–Æ –°–¢–ò–õ–¨","chvstvstl","",,,
"1037",":Group","","179258246","–§–æ—Ç–æ_–ë–∞—Ç–ª","club179258246","",,,
"1038",":Group","","179286736","–ë–µ—Å–ø–ª–∞—Ç–Ω—ã–π –æ–Ω–ª–∞–π–Ω –∫—É—Ä—Å –ø–æ —Å–∫–µ—Ç—á–∏–Ω–≥—É","club179286736","",,,
"1039",":Group","","179554158","–°–æ—Ö—Ä–∞–Ω—ë–Ω–∫–∏|–ö—Ä–∞—Å–∏–≤—ã–µ –û–±–æ–∏","fourtwwo","",,,
"1040",":Group","","179890418","–°–ª–∞–π–º","club179890418","",,,
"1041",":Group","","180074694","–ö–æ–Ω–∫—É—Ä—Å—ã | –ê—É–∫—Ü–∏–æ–Ω—ã | –ö—É—Ä–≥–∞–Ω","konkursi45","",,,
"1042",":Group","","180234110","–∫—Ä–∞—Å–Ω—ã–π —Ç–æ–∂–µ —Ü–≤–µ—Ç","sad099","",,,
"1043",":Group","","180448346","—Ç—Ä–∏ –º–∏–Ω—É—Ç—ã —à–µ—Å—Ç–æ–≥–æ","sexy_shmeksy_mexy","",,,
"1044",":Group","","180565400","–ë–æ–≥ —Å–ø–∞—Å—ë—Ç, –±—Ä–∞—Ç–≤–∞ –ø–æ–º–æ–∂–µ—Ç","roodi_royale","",,,
"1045",":Group","","181902695","–º–∞–º, –æ—Ç–≤–µ—á–∞—é, —ç—Ç–æ –Ω–µ –∑–∞—Å–æ—Å—ã","club181902695","",,,
"1046",":Group","","182327140","HEILAGR","left_hand2000","",,,
"1047",":Group","","182837673","‰π°ALPHASIGNA‰π°","club182837673","",,,
"1048",":Group","","183197865","—ç—Ç–æ –º–æ–≥–ª–∏ –±—ã—Ç—å –º—ã             üß∏","etomstoboy","",,,
"1049",":Group","","183313167","–†–∞–±–æ—Ç–∞ –≤ –ö–æ–ª–æ–º–Ω–µ (–≤–∞–∫–∞–Ω—Å–∏–∏ –ö–æ–ª–æ–º–Ω–∞)","workkolomna","",,,
"1050",":Group","","183452913","–ò–Ω—Å—Ç–∞ –§–æ—Ç–∫–∏","club183452913","",,,
"1051",":Group","","183902799","–°–ª–∞–¥–∫–∏–µ –¥–µ–≤–æ—á–∫–∏","sladkiedevochky","",,,
"1052",":Group","","184147587","AppsBase - –ü—Ä–æ–≥–Ω–æ–∑—ã –Ω–∞ —Å–ø–æ—Ä—Ç","appsbase","",,,
"1053",":Group","","184195245","–°–æ—é–∑ –æ—Ç—Ü–æ–≤ –ö—É—Ä–≥–∞–Ω—Å–∫–æ–π –æ–±–ª–∞—Å—Ç–∏","papakurgan","",,,
"1054",":Group","","184394418","–°–æ—Ö—Ä—ã","tvoya_soxra_666","",,,
"1055",":Group","","184592272","Repeat - –Æ–º–æ—Ä –∏ –ø—Ä–∏–∫–æ–ª—ã","repeat_public","",,,
"1056",":Group","","185734511","–§–æ–¢–æ –ë–∞–¢–ª–´","club185734511","",,,
"1057",":Group","","185871181","–ü–æ–≤–æ–¥ –Ω–µ –≤–µ—Ä–∏—Ç—å –≤ –ª—é–±–æ–≤—å","donotloves","",,,
"1058",":Group","","186071579","Ekz_0_Suka|45‚ô°","45xyligan45","",,,
"1059",":Group","","186209285","–¢–≤–æ–π –Ω–∞–≥–ª—ã–π –º–∞–ª—å—á–∏–∫ ‚ÇÇ‚ÇÑ/‚Çá","proigiraeh_mne_suka","",,,
"1060",":Group","","186852648","–ë–ê–†–ê–•–û–õ–ö–ê SMOKYLAND45 –ö—É—Ä–≥–∞–Ω","smokyland45","",,,
"1061",":Group","","187421233","–¶–ò–¢–ê–¢–´ / DENIS SX","denissx1","",,,
"1062",":Group","","188640643","–î–†–ò–§–¢ - –ò –¢–û–ß–ö–ê","driftitochka","",,,
"1063",":Group","","188702989","miss me?","missmemusic","",,,
"1064",":Group","","189067103","–§–æ—Ç–æ-–ë–∞—Ç–ª–ª","luchiye_devochki_i_malchiki","",,,
"1065",":Group","","189811788","–ï–∫–± –§–ª–µ–∫—Å","ekb.flex","",,,
"1066",":Group","","192038352","¬∞~Happiness~¬∞","club192038352","",,,
"1067",":Group","","192413913","–û—Ñ—Ñ–Ω–∏–∫ –ö—É—Ä–≥–∞–Ω–∞","club192413913","",,,
"1068",":Group","","193093333","–í–µ—á–Ω—ã–π –∫–∞–π—Ñ","kiaf_vechno","",,,
"1069",":Group","","197091195","–ü–æ—Ç–∞–π–Ω–∞—è –∫–æ–º–Ω–∞—Ç–∞","libertynotte","",,,
"1070",":Group","","198009265","Everink Tattoo","everink","",,,
"1071",":Group","","198827265","–ù–ï–£–õ–û–í–ò–ú–´–ô","neulovimiy_music","",,,
"1072",":Group","","200115488","!–ö–æ–º–ø—Ä–æ–º–∞–¢-–§—É–ù—Ç–ê!","club200115488","",,,
"1073",":Group","","200253393","–¥–∏—Å—Ç–∞–Ω—Ç 7 –∫–ª–∞—Å—Å—ã, –ª–∏—Ç–µ—Ä–∞—Ç—É—Ä–∞ –∏ —Å–µ–∫—Ä–µ—Ç—ã –ø–æ–∑–Ω–∞–Ω–∏—è","club200253393","",,,
"1074",":Group","","200880347","–°–ø—Ä–æ—Å–∏","amapubl","",,,
"1075",":Group","","202331790","Alina Bot","faverbot","",,,
"1076",":Group","","203183208","–°–ø–æ—Ä—Ç–∏–≤–Ω—ã–π –í–µ—Å–µ–ª—å—á–∞–∫:)","sportsvesel","",,,
"1077",":Group","","206146748","–î—É—Ö –ê–Ω–¥–µ–≥—Ä–∞—É–Ω–¥–ê","duxundera","",,,
"1078",":Group","","206441002","–ö–∏–Ω–æ—Ç–µ–∞—Ç—Ä ULTRA Cinema –ö—É—Ä–≥–∞–Ω","ultracinemakurgan","",,,
"1079",":Group","","210961378","–ù–æ–≥—Ç–∏ –ö—É—Ä–≥–∞–Ω","club210961378","",,,
"1080",":Group","","214524833","–î–≤–∏–∂–µ–Ω–∏–µ –ü–µ—Ä–≤—ã—Ö","mypervie","",,,
"1081",":Group","","219929323","—à–ª–∞–∫–æ–±–ª–æ–∫—É–Ω—å","slagoblog","",,,
,,,,,,,"563","623","Subscribe"
,,,,,,,"563","624","Subscribe"
,,,,,,,"563","625","Subscribe"
,,,,,,,"563","626","Subscribe"
,,,,,,,"563","627","Subscribe"
,,,,,,,"563","628","Subscribe"
,,,,,,,"563","629","Subscribe"
,,,,,,,"563","630","Subscribe"
,,,,,,,"563","631","Subscribe"
,,,,,,,"563","632","Subscribe"
,,,,,,,"563","633","Subscribe"
,,,,,,,"563","634","Subscribe"
,,,,,,,"563","635","Subscribe"
,,,,,,,"563","636","Subscribe"
,,,,,,,"563","637","Subscribe"
,,,,,,,"563","638","Subscribe"
,,,,,,,"563","639","Subscribe"
,,,,,,,"563","640","Subscribe"
,,,,,,,"563","641","Subscribe"
,,,,,,,"563","642","Subscribe"
,,,,,,,"563","643","Subscribe"
,,,,,,,"563","644","Subscribe"
,,,,,,,"563","645","Subscribe"
,,,,,,,"563","646","Subscribe"
,,,,,,,"563","647","Subscribe"
,,,,,,,"563","648","Subscribe"
,,,,,,,"563","649","Subscribe"
,,,,,,,"563","650","Subscribe"
,,,,,,,"563","651","Subscribe"
,,,,,,,"563","652","Subscribe"
,,,,,,,"563","653","Subscribe"
,,,,,,,"563","654","Subscribe"
,,,,,,,"563","655","Subscribe"
,,,,,,,"563","656","Subscribe"
,,,,,,,"563","657","Subscribe"
,,,,,,,"563","658","Subscribe"
,,,,,,,"563","659","Subscribe"
,,,,,,,"563","660","Subscribe"
,,,,,,,"563","661","Subscribe"
,,,,,,,"563","662","Subscribe"
,,,,,,,"563","663","Subscribe"
,,,,,,,"563","664","Subscribe"
,,,,,,,"563","665","Subscribe"
,,,,,,,"563","666","Subscribe"
,,,,,,,"563","667","Subscribe"
,,,,,,,"563","668","Subscribe"
,,,,,,,"563","669","Subscribe"
,,,,,,,"563","670","Subscribe"
,,,,,,,"563","671","Subscribe"
,,,,,,,"563","672","Subscribe"
,,,,,,,"564","563","Follow"
,,,,,,,"564","674","Subscribe"
,,,,,,,"565","563","Follow"
,,,,,,,"565","632","Subscribe"
,,,,,,,"565","649","Subscribe"
,,,,,,,"565","660","Subscribe"
,,,,,,,"565","775","Subscribe"
,,,,,,,"565","776","Subscribe"
,,,,,,,"565","777","Subscribe"
,,,,,,,"565","778","Subscribe"
,,,,,,,"565","779","Subscribe"
,,,,,,,"565","780","Subscribe"
,,,,,,,"565","781","Subscribe"
,,,,,,,"565","782","Subscribe"
,,,,,,,"565","783","Subscribe"
,,,,,,,"565","784","Subscribe"
,,,,,,,"565","785","Subscribe"
,,,,,,,"565","786","Subscribe"
,,,,,,,"565","787","Subscribe"
,,,,,,,"565","788","Subscribe"
,,,,,,,"565","789","Subscribe"
,,,,,,,"565","790","Subscribe"
,,,,,,,"565","791","Subscribe"
,,,,,,,"565","792","Subscribe"
,,,,,,,"565","793","Subscribe"
,,,,,,,"565","794","Subscribe"
,,,,,,,"565","795","Subscribe"
,,,,,,,"565","796","Subscribe"
,,,,,,,"565","797","Subscribe"
,,,,,,,"565","798","Subscribe"
,,,,,,,"565","799","Subscribe"
,,,,,,,"565","800","Subscribe"
,,,,,,,"565","801","Subscribe"
,,,,,,,"565","802","Subscribe"
,,,,,,,"565","803","Subscribe"
,,,,,,,"565","804","Subscribe"
,,,,,,,"565","805","Subscribe"
,,,,,,,"565","806","Subscribe"
,,,,,,,"565","807","Subscribe"
,,,,,,,"565","808","Subscribe"
,,,,,,,"565","809","Subscribe"
,,,,,,,"565","810","Subscribe"
,,,,,,,"565","811","Subscribe"
,,,,,,,"565","812","Subscribe"
,,,,,,,"565","813","Subscribe"
,,,,,,,"565","814","Subscribe"
,,,,,,,"565","815","Subscribe"
,,,,,,,"565","816","Subscribe"
,,,,,,,"565","817","Subscribe"
,,,,,,,"565","818","Subscribe"
,,,,,,,"565","819","Subscribe"
,,,,,,,"565","820","Subscribe"
,,,,,,,"565","821","Subscribe"
,,,,,,,"565","822","Subscribe"
,,,,,,,"565","823","Subscribe"
,,,,,,,"565","824","Subscribe"
,,,,,,,"565","825","Subscribe"
,,,,,,,"565","826","Subscribe"
,,,,,,,"565","827","Subscribe"
,,,,,,,"565","828","Subscribe"
,,,,,,,"565","829","Subscribe"
,,,,,,,"565","830","Subscribe"
,,,,,,,"565","831","Subscribe"
,,,,,,,"565","832","Subscribe"
,,,,,,,"565","833","Subscribe"
,,,,,,,"565","834","Subscribe"
,,,,,,,"565","835","Subscribe"
,,,,,,,"565","836","Subscribe"
,,,,,,,"565","837","Subscribe"
,,,,,,,"565","838","Subscribe"
,,,,,,,"565","839","Subscribe"
,,,,,,,"565","840","Subscribe"
,,,,,,,"565","841","Subscribe"
,,,,,,,"565","842","Subscribe"
,,,,,,,"565","843","Subscribe"
,,,,,,,"565","844","Subscribe"
,,,,,,,"565","845","Subscribe"
,,,,,,,"565","846","Subscribe"
,,,,,,,"565","847","Subscribe"
,,,,,,,"565","848","Subscribe"
,,,,,,,"565","849","Subscribe"
,,,,,,,"565","850","Subscribe"
,,,,,,,"565","851","Subscribe"
,,,,,,,"565","852","Subscribe"
,,,,,,,"565","853","Subscribe"
,,,,,,,"565","854","Subscribe"
,,,,,,,"565","855","Subscribe"
,,,,,,,"565","856","Subscribe"
,,,,,,,"565","857","Subscribe"
,,,,,,,"565","858","Subscribe"
,,,,,,,"565","859","Subscribe"
,,,,,,,"565","860","Subscribe"
,,,,,,,"565","861","Subscribe"
,,,,,,,"565","862","Subscribe"
,,,,,,,"565","863","Subscribe"
,,,,,,,"565","864","Subscribe"
,,,,,,,"565","865","Subscribe"
,,,,,,,"565","866","Subscribe"
,,,,,,,"565","867","Subscribe"
,,,,,,,"565","868","Subscribe"
,,,,,,,"565","869","Subscribe"
,,,,,,,"565","870","Subscribe"
,,,,,,,"565","871","Subscribe"
,,,,,,,"565","872","Subscribe"
,,,,,,,"565","873","Subscribe"
,,,,,,,"565","874","Subscribe"
,,,,,,,"565","875","Subscribe"
,,,,,,,"565","876","Subscribe"
,,,,,,,"565","877","Subscribe"
,,,,,,,"565","878","Subscribe"
,,,,,,,"565","879","Subscribe"
,,,,,,,"565","880","Subscribe"
,,,,,,,"565","881","Subscribe"
,,,,,,,"565","882","Subscribe"
,,,,,,,"565","883","Subscribe"
,,,,,,,"565","884","Subscribe"
,,,,,,,"565","885","Subscribe"
,,,,,,,"565","886","Subscribe"
,,,,,,,"565","887","Subscribe"
,,,,,,,"565","888","Subscribe"
,,,,,,,"565","889","Subscribe"
,,,,,,,"565","890","Subscribe"
,,,,,,,"565","891","Subscribe"
,,,,,,,"565","892","Subscribe"
,,,,,,,"565","893","Subscribe"
,,,,,,,"565","894","Subscribe"
,,,,,,,"565","895","Subscribe"
,,,,,,,"565","896","Subscribe"
,,,,,,,"565","897","Subscribe"
,,,,,,,"565","898","Subscribe"
,,,,,,,"565","899","Subscribe"
,,,,,,,"565","900","Subscribe"
,,,,,,,"565","901","Subscribe"
,,,,,,,"565","902","Subscribe"
,,,,,,,"565","903","Subscribe"
,,,,,,,"565","904","Subscribe"
,,,,,,,"565","905","Subscribe"
,,,,,,,"565","906","Subscribe"
,,,,,,,"565","907","Subscribe"
,,,,,,,"565","908","Subscribe"
,,,,,,,"565","909","Subscribe"
,,,,,,,"565","910","Subscribe"
,,,,,,,"565","911","Subscribe"
,,,,,,,"565","912","Subscribe"
,,,,,,,"565","913","Subscribe"
,,,,,,,"565","914","Subscribe"
,,,,,,,"565","915","Subscribe"
,,,,,,,"565","916","Subscribe"
,,,,,,,"565","917","Subscribe"
,,,,,,,"565","918","Subscribe"
,,,,,,,"565","919","Subscribe"
,,,,,,,"565","920","Subscribe"
,,,,,,,"565","921","Subscribe"
,,,,,,,"565","922","Subscribe"
,,,,,,,"565","923","Subscribe"
,,,,,,,"565","924","Subscribe"
,,,,,,,"565","925","Subscribe"
,,,,,,,"565","926","Subscribe"
,,,,,,,"565","927","Subscribe"
,,,,,,,"565","928","Subscribe"
,,,,,,,"565","929","Subscribe"
,,,,,,,"565","930","Subscribe"
,,,,,,,"565","931","Subscribe"
,,,,,,,"565","932","Subscribe"
,,,,,,,"565","933","Subscribe"
,,,,,,,"565","934","Subscribe"
,,,,,,,"565","935","Subscribe"
,,,,,,,"565","936","Subscribe"
,,,,,,,"565","937","Subscribe"
,,,,,,,"565","938","Subscribe"
,,,,,,,"565","939","Subscribe"
,,,,,,,"565","940","Subscribe"
,,,,,,,"565","941","Subscribe"
,,,,,,,"565","942","Subscribe"
,,,,,,,"565","943","Subscribe"
,,,,,,,"565","944","Subscribe"
,,,,,,,"565","945","Subscribe"
,,,,,,,"565","946","Subscribe"
,,,,,,,"565","947","Subscribe"
,,,,,,,"565","948","Subscribe"
,,,,,,,"565","949","Subscribe"
,,,,,,,"565","950","Subscribe"
,,,,,,,"565","951","Subscribe"
,,,,,,,"565","952","Subscribe"
,,,,,,,"565","953","Subscribe"
,,,,,,,"565","954","Subscribe"
,,,,,,,"565","955","Subscribe"
,,,,,,,"565","956","Subscribe"
,,,,,,,"565","957","Subscribe"
,,,,,,,"565","958","Subscribe"
,,,,,,,"565","959","Subscribe"
,,,,,,,"565","960","Subscribe"
,,,,,,,"565","961","Subscribe"
,,,,,,,"565","962","Subscribe"
,,,,,,,"565","963","Subscribe"
,,,,,,,"565","964","Subscribe"
,,,,,,,"565","965","Subscribe"
,,,,,,,"565","966","Subscribe"
,,,,,,,"565","967","Subscribe"
,,,,,,,"565","968","Subscribe"
,,,,,,,"565","969","Subscribe"
,,,,,,,"565","970","Subscribe"
,,,,,,,"565","971","Subscribe"
,,,,,,,"565","972","Subscribe"
,,,,,,,"565","973","Subscribe"
,,,,,,,"565","974","Subscribe"
,,,,,,,"565","975","Subscribe"
,,,,,,,"565","976","Subscribe"
,,,,,,,"565","977","Subscribe"
,,,,,,,"565","978","Subscribe"
,,,,,,,"565","979","Subscribe"
,,,,,,,"565","980","Subscribe"
,,,,,,,"565","981","Subscribe"
,,,,,,,"565","982","Subscribe"
,,,,,,,"565","983","Subscribe"
,,,,,,,"565","984","Subscribe"
,,,,,,,"565","985","Subscribe"
,,,,,,,"565","986","Subscribe"
,,,,,,,"565","987","Subscribe"
,,,,,,,"565","988","Subscribe"
,,,,,,,"565","989","Subscribe"
,,,,,,,"565","990","Subscribe"
,,,,,,,"565","991","Subscribe"
,,,,,,,"565","992","Subscribe"
,,,,,,,"565","993","Subscribe"
,,,,,,,"565","994","Subscribe"
,,,,,,,"565","995","Subscribe"
,,,,,,,"565","996","Subscribe"
,,,,,,,"565","997","Subscribe"
,,,,,,,"565","998","Subscribe"
,,,,,,,"565","999","Subscribe"
,,,,,,,"565","1000","Subscribe"
,,,,,,,"565","1001","Subscribe"
,,,,,,,"565","1002","Subscribe"
,,,,,,,"565","1003","Subscribe"
,,,,,,,"565","1004","Subscribe"
,,,,,,,"565","1005","Subscribe"
,,,,,,,"565","1006","Subscribe"
,,,,,,,"565","1007","Subscribe"
,,,,,,,"565","1008","Subscribe"
,,,,,,,"565","1009","Subscribe"
,,,,,,,"565","1010","Subscribe"
,,,,,,,"565","1011","Subscribe"
,,,,,,,"565","1012","Subscribe"
,,,,,,,"565","1013","Subscribe"
,,,,,,,"565","1014","Subscribe"
,,,,,,,"565","1015","Subscribe"
,,,,,,,"565","1016","Subscribe"
,,,,,,,"565","1017","Subscribe"
,,,,,,,"565","1018","Subscribe"
,,,,,,,"565","1019","Subscribe"
,,,,,,,"565","1020","Subscribe"
,,,,,,,"565","1021","Subscribe"
,,,,,,,"565","1022","Subscribe"
,,,,,,,"565","1023","Subscribe"
,,,,,,,"565","1024","Subscribe"
,,,,,,,"565","1025","Subscribe"
,,,,,,,"565","1026","Subscribe"
,,,,,,,"565","1027","Subscribe"
,,,,,,,"565","1028","Subscribe"
,,,,,,,"565","1029","Subscribe"
,,,,,,,"565","1030","Subscribe"
,,,,,,,"565","1031","Subscribe"
,,,,,,,"565","1032","Subscribe"
,,,,,,,"565","1033","Subscribe"
,,,,,,,"565","1034","Subscribe"
,,,,,,,"565","1035","Subscribe"
,,,,,,,"565","1036","Subscribe"
,,,,,,,"565","1037","Subscribe"
,,,,,,,"565","1038","Subscribe"
,,,,,,,"565","1039","Subscribe"
,,,,,,,"565","1040","Subscribe"
,,,,,,,"565","1041","Subscribe"
,,,,,,,"565","1042","Subscribe"
,,,,,,,"565","1043","Subscribe"
,,,,,,,"565","1044","Subscribe"
,,,,,,,"565","1045","Subscribe"
,,,,,,,"565","1046","Subscribe"
,,,,,,,"565","1047","Subscribe"
,,,,,,,"565","1048","Subscribe"
,,,,,,,"565","1049","Subscribe"
,,,,,,,"565","1050","Subscribe"
,,,,,,,"565","1051","Subscribe"
,,,,,,,"565","1052","Subscribe"
,,,,,,,"565","1053","Subscribe"
,,,,,,,"565","1054","Subscribe"
,,,,,,,"565","1055","Subscribe"
,,,,,,,"565","1056","Subscribe"
,,,,,,,"565","1057","Subscribe"
,,,,,,,"565","1058","Subscribe"
,,,,,,,"565","1059","Subscribe"
,,,,,,,"565","1060","Subscribe"
,,,,,,,"565","1061","Subscribe"
,,,,,,,"565","1062","Subscribe"
,,,,,,,"565","1063","Subscribe"
,,,,,,,"565","1064","Subscribe"
,,,,,,,"565","1065","Subscribe"
,,,,,,,"565","1066","Subscribe"
,,,,,,,"565","1067","Subscribe"
,,,,,,,"565","1068","Subscribe"
,,,,,,,"565","1069","Subscribe"
,,,,,,,"565","1070","Subscribe"
,,,,,,,"565","1071","Subscribe"
,,,,,,,"565","1072","Subscribe"
,,,,,,,"565","1073","Subscribe"
,,,,,,,"565","1074","Subscribe"
,,,,,,,"565","1075","Subscribe"
,,,,,,,"565","1076","Subscribe"
,,,,,,,"565","1077","Subscribe"
,,,,,,,"565","1078","Subscribe"
,,,,,,,"565","1079","Subscribe"
,,,,,,,"565","1080","Subscribe"
,,,,,,,"565","1081","Subscribe"
,,,,,,,"566","563","Follow"
,,,,,,,"567","563","Follow"
,,,,,,,"568","563","Follow"
,,,,,,,"569","563","Follow"
,,,,,,,"570","563","Follow"
,,,,,,,"571","563","Follow"
,,,,,,,"572","563","Follow"
,,,,,,,"573","563","Follow"
,,,,,,,"574","563","Follow"
,,,,,,,"575","563","Follow"
,,,,,,,"576","563","Follow"
,,,,,,,"577","563","Follow"
,,,,,,,"578","563","Follow"
,,,,,,,"579","563","Follow"
,,,,,,,"580","563","Follow"
,,,,,,,"581","563","Follow"
,,,,,,,"582","563","Follow"
,,,,,,,"583","563","Follow"
,,,,,,,"584","563","Follow"
,,,,,,,"585","563","Follow"
,,,,,,,"586","563","Follow"
,,,,,,,"587","563","Follow"
,,,,,,,"588","563","Follow"
,,,,,,,"589","563","Follow"
,,,,,,,"590","563","Follow"
,,,,,,,"591","563","Follow"
,,,,,,,"592","563","Follow"
,,,,,,,"593","563","Follow"
,,,,,,,"594","563","Follow"
,,,,,,,"595","563","Follow"
,,,,,,,"596","563","Follow"
,,,,,,,"597","563","Follow"
,,,,,,,"598","563","Follow"
,,,,,,,"599","563","Follow"
,,,,,,,"600","563","Follow"
,,,,,,,"601","563","Follow"
,,,,,,,"602","563","Follow"
,,,,,,,"603","563","Follow"
,,,,,,,"604","563","Follow"
,,,,,,,"605","563","Follow"
,,,,,,,"606","563","Follow"
,,,,,,,"607","563","Follow"
,,,,,,,"608","563","Follow"
,,,,,,,"609","563","Follow"
,,,,,,,"610","563","Follow"
,,,,,,,"611","563","Follow"
,,,,,,,"612","563","Follow"
,,,,,,,"613","563","Follow"
,,,,,,,"614","563","Follow"
,,,,,,,"615","563","Follow"
,,,,,,,"616","563","Follow"
,,,,,,,"617","563","Follow"
,,,,,,,"618","563","Follow"
,,,,,,,"619","563","Follow"
,,,,,,,"620","563","Follow"
,,,,,,,"621","563","Follow"
,,,,,,,"622","563","Follow"
,,,,,,,"673","564","Follow"
,,,,,,,"675","565","Follow"
,,,,,,,"676","565","Follow"
,,,,,,,"677","565","Follow"
,,,,,,,"678","565","Follow"
,,,,,,,"679","565","Follow"
,,,,,,,"680","565","Follow"
,,,,,,,"681","565","Follow"
,,,,,,,"682","565","Follow"
,,,,,,,"683","565","Follow"
,,,,,,,"684","565","Follow"
,,,,,,,"685","565","Follow"
,,,,,,,"686","565","Follow"
,,,,,,,"687","565","Follow"
,,,,,,,"688","565","Follow"
,,,,,,,"689","565","Follow"
,,,,,,,"690","565","Follow"
,,,,,,,"691","565","Follow"
,,,,,,,"692","565","Follow"
,,,,,,,"693","565","Follow"
,,,,,,,"694","565","Follow"
,,,,,,,"695","565","Follow"
,,,,,,,"696","565","Follow"
,,,,,,,"697","565","Follow"
,,,,,,,"698","565","Follow"
,,,,,,,"699","565","Follow"
,,,,,,,"700","565","Follow"
,,,,,,,"701","565","Follow"
,,,,,,,"702","565","Follow"
,,,,,,,"703","565","Follow"
,,,,,,,"704","565","Follow"
,,,,,,,"705","565","Follow"
,,,,,,,"706","565","Follow"
,,,,,,,"707","565","Follow"
,,,,,,,"708","565","Follow"
,,,,,,,"709","565","Follow"
,,,,,,,"710","565","Follow"
,,,,,,,"711","565","Follow"
,,,,,,,"712","565","Follow"
,,,,,,,"713","565","Follow"
,,,,,,,"714","565","Follow"
,,,,,,,"715","565","Follow"
,,,,,,,"716","565","Follow"
,,,,,,,"717","565","Follow"
,,,,,,,"718","565","Follow"
,,,,,,,"719","565","Follow"
,,,,,,,"720","565","Follow"
,,,,,,,"721","565","Follow"
,,,,,,,"722","565","Follow"
,,,,,,,"723","565","Follow"
,,,,,,,"724","565","Follow"
,,,,,,,"725","565","Follow"
,,,,,,,"726","565","Follow"
,,,,,,,"727","565","Follow"
,,,,,,,"728","565","Follow"
,,,,,,,"729","565","Follow"
,,,,,,,"730","565","Follow"
,,,,,,,"731","565","Follow"
,,,,,,,"732","565","Follow"
,,,,,,,"733","565","Follow"
,,,,,,,"734","565","Follow"
,,,,,,,"735","565","Follow"
,,,,,,,"736","565","Follow"
,,,,,,,"737","565","Follow"
,,,,,,,"738","565","Follow"
,,,,,,,"739","565","Follow"
,,,,,,,"740","565","Follow"
,,,,,,,"741","565","Follow"
,,,,,,,"742","565","Follow"
,,,,,,,"743","565","Follow"
,,,,,,,"744","565","Follow"
,,,,,,,"745","565","Follow"
,,,,,,,"746","565","Follow"
,,,,,,,"747","565","Follow"
,,,,,,,"748","565","Follow"
,,,,,,,"749","565","Follow"
,,,,,,,"750","565","Follow"
,,,,,,,"751","565","Follow"
,,,,,,,"752","565","Follow"
,,,,,,,"753","565","Follow"
,,,,,,,"754","565","Follow"
,,,,,,,"755","565","Follow"
,,,,,,,"756","565","Follow"
,,,,,,,"757","565","Follow"
,,,,,,,"758","565","Follow"
,,,,,,,"759","565","Follow"
,,,,,,,"760","565","Follow"
,,,,,,,"761","565","Follow"
,,,,,,,"762","565","Follow"
,,,,,,,"763","565","Follow"
,,,,,,,"764","565","Follow"
,,,,,,,"765","565","Follow"
,,,,,,,"766","565","Follow"
,,,,,,,"767","565","Follow"
,,,,,,,"768","565","Follow"
,,,,,,,"769","565","Follow"
,,,,,,,"770","565","Follow"
,,,,,,,"771","565","Follow"
,,,,,,,"772","565","Follow"
,,,,,,,"773","565","Follow"
,,,,,,,"774","565","Follow"
